City_ID,City,Lat,Lng,Max Temp,Humidity,Cloudiness,Wind Speed,Country,Date
0,lebu,-37.6167,-73.65,10.4,83,100,0.53,CL,1717112665
1,arraial do cabo,-22.9661,-42.0278,22.09,72,99,9.03,BR,1717112737
2,richards bay,-28.783,32.0377,18.44,39,0,2.46,ZA,1717113032
3,puerto natales,-51.7236,-72.4875,1.14,94,100,0.71,CL,1717112719
4,lihue,21.9789,-159.3672,27.58,71,20,7.72,US,1717112861
5,puerto ayora,-0.7393,-90.3518,22.12,87,77,3.82,EC,1717112657
6,sitka,57.0531,-135.33,11.94,58,100,2.06,US,1717112846
7,zakamensk,50.3741,103.2863,13.36,50,0,0.59,RU,1717113033
8,saldanha,-33.0117,17.9442,7.03,77,17,1.65,ZA,1717112846
9,stornoway,58.2093,-6.3865,10.02,88,85,1.54,GB,1717113033
10,port-aux-francais,-49.35,70.2167,3.34,72,38,13.41,TF,1717112846
11,grytviken,-54.2811,-36.5092,-7.24,78,50,5.65,GS,1717112850
12,demre,36.2537,29.9777,17.01,82,30,0.84,TR,1717113034
13,coalinga,36.1397,-120.3602,33.14,12,0,2.46,US,1717113034
14,adamstown,-25.066,-130.1015,21.51,78,48,9.35,PN,1717112846
15,sarkand,45.41,79.9186,13.97,49,1,3.41,KZ,1717113034
16,saint-louis du nord,19.9333,-72.7167,27.62,81,100,1.75,HT,1717113034
17,castillos,-34.1667,-53.8333,12.2,84,100,0.43,UY,1717113034
18,hadibu,12.65,54.0333,28.51,78,84,6.07,YE,1717113034
19,west island,-12.1568,96.8225,26.99,83,100,7.2,CC,1717112846
20,palikir - national government center,6.9248,158.1611,27.47,89,75,3.6,FM,1717113035
21,albany,42.6001,-73.9662,17.32,64,49,2.17,US,1717112694
22,lajinha,-20.1514,-41.6228,16.37,92,36,1.69,BR,1717113035
23,egilsstadir,65.2653,-14.3948,8.95,61,20,2.06,IS,1717113035
24,dudinka,69.4058,86.1778,-1.85,92,98,2.68,RU,1717113035
25,qaqortoq,60.7167,-46.0333,2.79,78,99,1.8,GL,1717112856
26,fada n'gourma,12.0622,0.3578,32.59,49,100,6.19,BF,1717113035
27,bethel,41.3712,-73.414,19.31,58,17,1.34,US,1717112582
28,margaret river,-33.95,115.0667,16.23,74,68,4.76,AU,1717112858
29,edinburgh of the seven seas,-37.0676,-12.3116,12.01,57,63,4.14,SH,1717112856
30,gamba,-2.65,10.0,24.7,85,98,2.4,GA,1717113036
31,chonchi,-42.6128,-73.8092,8.4,90,100,0.32,CL,1717113036
32,atafu village,-8.5421,-172.5159,29.1,75,40,5.26,TK,1717113036
33,tezu,27.9167,96.1667,22.78,95,100,2.27,IN,1717113036
34,ust-nera,64.5667,143.2,16.94,28,7,3.21,RU,1717113036
35,muynoq,43.7683,59.0214,18.8,41,0,3.28,UZ,1717113036
36,papatowai,-46.5619,169.4708,15.26,61,100,6.32,NZ,1717112851
37,tiksi,71.6872,128.8694,5.87,70,60,2.29,RU,1717112848
38,constitucion,-35.3333,-72.4167,11.69,92,100,2.92,CL,1717113037
39,puerto baquerizo moreno,-0.9,-89.6,21.81,88,82,4.29,EC,1717113037
40,ancud,-41.8697,-73.8203,7.83,83,100,2.22,CL,1717112730
41,lagoa,39.05,-27.9833,17.66,73,2,3.57,PT,1717113037
42,klyuchi,52.2667,79.1667,4.86,84,100,4.4,RU,1717112860
43,san julian,21.0167,-102.1667,32.61,12,41,2.66,MX,1717113037
44,hawaiian paradise park,19.5933,-154.9731,26.73,80,75,4.63,US,1717112847
45,kloulklubed,7.0419,134.2556,29.28,79,100,6.08,PW,1717113038
46,yellowknife,62.456,-114.3525,12.45,49,100,9.26,CA,1717112847
47,ferrenafe,-6.6389,-79.7889,18.9,77,0,8.75,PE,1717113038
48,iqaluit,63.7506,-68.5145,2.85,64,75,1.54,CA,1717112846
49,magong,23.5654,119.5863,26.94,87,80,5.43,TW,1717113038
50,tual,-5.6667,132.75,27.95,81,58,6.02,ID,1717112859
51,waitangi,-43.9535,-176.5597,12.12,83,71,3.58,NZ,1717112845
52,bandar-e lengeh,26.5579,54.8807,31.81,43,4,2.46,IR,1717113039
53,isafjordur,66.0755,-23.124,4.91,60,0,7.73,IS,1717113039
54,selfoss,63.9331,-20.9971,6.14,83,79,6.34,IS,1717113039
55,kapa'a,22.0752,-159.319,27.99,77,20,7.72,US,1717113039
56,karabash,55.4808,60.2157,7.44,95,2,1.37,RU,1717113039
57,udachny,66.4167,112.4,6.36,60,4,6.07,RU,1717113039
58,avarua,-21.2078,-159.775,27.03,83,100,3.6,CK,1717112849
59,berezovo,63.9381,65.0419,-0.08,68,88,2.49,RU,1717113040
60,port elizabeth,-33.918,25.5701,16.17,75,0,7.72,ZA,1717112858
61,blackmans bay,-43.0167,147.3167,14.74,51,5,3.13,AU,1717112846
62,constantia,44.1833,28.65,13.38,85,21,4.77,RO,1717112643
63,sant lluis,39.8526,4.2594,20.22,94,40,5.14,ES,1717113040
64,roldan,-32.8985,-60.9068,12.72,82,0,2.57,AR,1717113039
65,chepo,9.1667,-79.1,27.88,92,100,1.39,PA,1717113040
66,rabo de peixe,37.8,-25.5833,18.73,99,40,4.12,PT,1717113040
67,karoi,-16.8099,29.6925,12.02,69,0,1.42,ZW,1717113041
68,codrington,-38.2667,141.9667,12.07,71,30,9.41,AU,1717113041
69,maragogi,-9.0122,-35.2225,25.31,82,36,3.06,BR,1717112925
70,severo-yeniseyskiy,60.3725,93.0408,3.2,61,15,1.11,RU,1717113041
71,wailua homesteads,22.0669,-159.378,27.24,77,20,7.72,US,1717112851
72,beau vallon,-20.4189,57.6953,24.13,83,75,5.66,MU,1717113041
73,akonolinga,3.7667,12.25,20.65,99,100,0.79,CM,1717113041
74,coquimbo,-29.9533,-71.3436,11.85,100,100,4.63,CL,1717112967
75,happy valley-goose bay,53.3168,-60.3315,4.17,81,100,4.63,CA,1717113042
76,shenjiamen,29.9576,122.298,19.76,96,100,4.95,CN,1717113042
77,karratha,-20.7377,116.8463,21.3,73,0,6.66,AU,1717113042
78,keflavik,64.0049,-22.5624,7.95,81,75,7.2,IS,1717113042
79,dolores,-36.3132,-57.6792,10.84,84,90,2.06,AR,1717113042
80,petropavlovsk-kamchatsky,53.0452,158.6483,7.33,61,75,9.0,RU,1717113042
81,georgetown,5.4112,100.3354,27.96,83,20,1.03,MY,1717112850
82,sim,54.993,57.6982,6.79,96,15,0.93,RU,1717113042
83,tinghir,31.5157,-5.5343,24.91,23,100,3.86,MA,1717113043
84,pacasmayo,-7.4006,-79.5714,18.85,79,9,5.33,PE,1717112976
85,manokwari,-0.8667,134.0833,27.3,79,99,1.13,ID,1717113043
86,broken hill,-31.95,141.4333,12.34,57,0,4.66,AU,1717113043
87,port lincoln,-34.7333,135.8667,14.71,66,14,6.48,AU,1717113043
88,peterhead,57.5058,-1.7981,10.25,92,32,8.25,GB,1717113043
89,cumana,10.4635,-64.1775,27.43,85,83,3.8,VE,1717113043
90,nasrullahganj,22.6833,77.2667,33.02,35,9,5.14,IN,1717113043
91,beyneu,45.3167,55.2,20.85,31,0,5.71,KZ,1717113044
92,san luis de la loma,17.2706,-100.8939,30.14,63,3,4.84,MX,1717113044
93,amga,60.8953,131.9608,23.79,34,33,2.71,RU,1717113044
94,witbank,-25.8713,29.2332,8.94,54,0,1.62,ZA,1717113044
95,tura,25.5198,90.2201,24.68,99,99,1.61,IN,1717112857
96,mata-utu,-13.2816,-176.1745,28.03,80,70,9.98,WF,1717113044
97,ushuaia,-54.8,-68.3,0.81,69,0,5.14,AR,1717112582
98,barra de santo antonio,-9.4047,-35.5072,23.6,77,1,3.43,BR,1717113044
99,yaren,-0.5472,166.916,28.9,68,99,5.26,NR,1717113045
100,college,64.8569,-147.8028,16.92,51,75,2.57,US,1717112850
101,okara,30.8081,73.4458,31.6,10,0,2.77,PK,1717113045
102,morehead,37.2711,-87.1764,24.86,41,0,0.0,US,1717112753
103,margate,51.3813,1.3862,12.72,86,93,4.47,GB,1717113022
104,el calafate,-50.3408,-72.2768,0.51,71,94,0.84,AR,1717112855
105,ribeira grande,38.5167,-28.7,18.76,79,22,5.81,PT,1717112861
106,tazovsky,67.4667,78.7,-4.7,97,94,2.62,RU,1717113045
107,pasuquin,18.3328,120.6177,27.97,89,75,1.03,PH,1717113046
108,punta arenas,-53.15,-70.9167,1.06,93,0,2.06,CL,1717113046
109,bizerte,37.2744,9.8739,17.0,59,20,2.06,TN,1717113046
110,olonkinbyen,70.9221,-8.7187,0.58,97,100,7.08,SJ,1717112848
111,nelson bay,-32.7167,152.15,17.83,83,100,0.45,AU,1717113046
112,cobija,-11.0267,-68.7692,24.1,73,2,1.54,BO,1717113046
113,luderitz,-26.6481,15.1594,13.47,90,13,4.47,NA,1717113047
114,kani keli,-12.9536,45.1033,26.59,75,7,9.1,YT,1717113047
115,bam,29.106,58.357,29.12,14,2,2.26,IR,1717113047
116,antofagasta,-23.65,-70.4,14.6,79,48,1.53,CL,1717112967
117,ravar,31.2656,56.8055,25.83,17,0,1.87,IR,1717113047
118,ciudad lazaro cardenas,17.9583,-102.2,29.53,62,37,5.48,MX,1717113047
119,st. john's,47.5649,-52.7093,19.66,59,75,6.17,CA,1717112925
120,iskateley,67.6803,53.1512,-2.21,87,98,5.81,RU,1717112855
121,novoazovs'k,47.1139,38.086,17.44,86,87,1.03,UA,1717113048
122,bredasdorp,-34.5322,20.0403,10.16,83,53,1.45,ZA,1717112846
123,kombissiri,12.0656,-1.3375,29.99,42,90,4.3,BF,1717113048
124,bonthe,7.5264,-12.505,27.25,86,93,3.53,SL,1717113048
125,whitehorse,60.7161,-135.0538,17.12,26,40,4.12,CA,1717112730
126,tolanaro,-25.0319,46.9987,21.04,83,20,4.12,MG,1717113048
127,dien bien phu,21.3833,103.0167,25.08,95,100,0.44,VN,1717113049
128,okhotsk,59.3833,143.3,10.79,51,56,3.23,RU,1717113049
129,bilibino,68.0546,166.4372,3.74,55,74,5.17,RU,1717112860
130,stanley,54.868,-1.6985,9.88,86,0,4.63,GB,1717112851
131,lerwick,60.1545,-1.1494,10.0,82,100,5.06,GB,1717112851
132,hermanus,-34.4187,19.2345,9.33,70,20,1.97,ZA,1717112853
133,whakatane,-37.9585,176.9854,17.71,76,13,2.24,NZ,1717112888
134,hamilton,39.1834,-84.5333,23.47,46,20,2.06,US,1717112687
135,aljezur,37.3191,-8.8033,15.76,94,17,3.88,PT,1717112855
136,sisimiut,66.9395,-53.6735,-1.57,79,22,1.33,GL,1717113050
137,carletonville,-26.3609,27.3977,9.87,55,0,2.93,ZA,1717113050
138,tubarjal,30.4999,38.216,20.56,49,0,6.85,SA,1717113050
139,acapulco de juarez,16.8634,-99.8901,30.9,66,0,5.14,MX,1717112862
140,concepcion,-36.827,-73.0498,11.89,87,100,1.03,CL,1717113050
141,carnarvon,-24.8667,113.6333,16.03,44,0,5.8,AU,1717113051
142,chateau-du-loir,47.6949,0.4185,11.99,97,8,3.33,FR,1717113051
143,remire-montjoly,4.9167,-52.2667,26.02,94,100,2.06,GF,1717112847
144,vila franca do campo,37.7167,-25.4333,19.23,99,53,2.34,PT,1717113051
145,thompson,55.7435,-97.8558,21.09,52,75,4.12,CA,1717112641
146,san andres,12.5847,-81.7006,28.01,89,40,3.6,CO,1717113051
147,taksimo,56.3444,114.8794,19.05,52,48,1.1,RU,1717113051
148,kavaratti,10.5669,72.642,27.97,78,91,3.29,IN,1717113052
149,usogorsk,63.4106,48.6872,8.15,47,80,0.49,RU,1717113052
150,saint-leu,-21.15,55.2833,22.48,77,13,4.21,RE,1717113052
151,al mindak,20.1588,41.2834,24.78,12,80,4.67,SA,1717113052
152,tebingtinggi,3.3285,99.1625,24.55,98,100,0.86,ID,1717113053
153,afaahiti,-17.75,-149.2833,27.93,78,5,6.59,PF,1717113053
154,kiomboi,-4.2667,34.3667,19.75,58,100,2.12,TZ,1717113053
155,utrik,11.2278,169.8474,28.03,78,100,4.86,MH,1717113053
156,badger,64.8,-147.5333,16.87,51,75,2.57,US,1717113053
157,okulovka,58.4008,33.2908,16.42,96,61,1.99,RU,1717113053
158,yanam,16.7333,82.2167,28.75,94,15,0.98,IN,1717113053
159,invercargill,-46.4,168.35,15.01,70,100,1.79,NZ,1717112850
160,iaciara,-14.0958,-46.6317,24.52,42,70,1.53,BR,1717113054
161,vilyuchinsk,52.9306,158.4028,8.15,71,99,3.46,RU,1717112856
162,chibougamau,49.9168,-74.3659,16.79,34,20,4.12,CA,1717113054
163,karor,31.2274,70.9492,31.24,9,0,1.21,PK,1717113054
164,mokrous,51.2333,47.5167,19.35,49,51,3.47,RU,1717113054
165,enewetak,11.3474,162.3373,27.6,76,94,6.06,MH,1717112851
166,brookings,44.3114,-96.7984,24.0,57,75,7.72,US,1717113048
167,turkmenbasy,40.0222,52.9552,24.43,12,0,4.12,TM,1717113055
168,kuanda,56.3161,116.0806,18.07,55,78,1.74,RU,1717113055
169,sanctuary point,-35.1114,150.629,19.62,74,100,2.64,AU,1717113055
170,ilulissat,69.2167,-51.1,0.01,69,40,2.57,GL,1717112859
171,manawar,22.2333,75.0833,29.32,63,7,6.98,IN,1717113055
172,soio,-6.1349,12.3689,24.59,86,78,3.31,AO,1717113055
173,puerto lempira,15.2667,-83.7667,27.08,78,75,0.0,HN,1717113055
174,touros,-5.1989,-35.4608,24.54,91,96,3.75,BR,1717112862
175,coromandel,-18.4733,-47.2003,16.42,55,10,2.42,BR,1717113056
176,khandyga,62.6667,135.6,23.77,32,92,1.33,RU,1717113056
177,island harbour,50.724,-1.2758,14.43,73,76,2.24,GB,1717113056
178,kavarna,43.4333,28.3333,16.99,95,37,2.81,BG,1717113056
179,acarau,-2.8856,-40.12,25.06,90,92,4.28,BR,1717113056
180,newport,51.5877,-2.9984,13.23,84,5,3.08,GB,1717112887
181,tananger,58.9333,5.6,13.49,81,63,1.03,NO,1717113057
182,bulgan,48.8125,103.5347,11.69,52,0,1.39,MN,1717113057
183,puerto aysen,-45.4,-72.7,4.82,99,100,0.59,CL,1717113057
184,kailua-kona,19.6406,-155.9956,27.98,85,75,4.63,US,1717112855
185,punto fijo,11.6956,-70.1996,27.69,82,88,12.92,VE,1717113057
186,zabaykal'sk,49.6333,117.3167,16.3,34,23,4.35,RU,1717113057
187,hanting,36.7708,119.2108,25.12,40,5,6.07,CN,1717113057
188,colonia,50.9333,6.95,14.13,80,75,6.17,DE,1717112707
189,newman,37.3138,-121.0208,33.13,10,11,4.9,US,1717112902
190,arteche,12.2645,125.4048,29.27,81,99,4.23,PH,1717112859
191,mawu,29.5923,107.3139,18.17,81,42,0.69,CN,1717113058
192,santa cruz cabralia,-16.2781,-39.0247,23.13,83,40,1.54,BR,1717113058
193,slave lake,55.2834,-114.769,10.99,71,100,14.4,CA,1717112899
194,mingshui,36.7167,117.5,25.58,34,58,5.68,CN,1717113058
195,dhenkanal,20.6667,85.6,28.69,88,73,4.78,IN,1717113058
196,glace bay,46.1969,-59.957,10.99,85,63,0.45,CA,1717113058
197,lastoursville,-0.8143,12.7287,23.32,98,100,0.63,GA,1717113059
198,saint george's,12.0564,-61.7485,28.82,79,20,6.17,GD,1717113059
199,jose maria morelos,23.3952,-103.8984,30.75,11,12,8.43,MX,1717113059
200,mount isa,-20.7333,139.5,18.87,88,100,3.6,AU,1717113059
201,nova sintra,14.8667,-24.7167,23.89,76,7,0.73,CV,1717112853
202,anadyr,64.75,177.4833,7.28,61,20,3.0,RU,1717112854
203,papao,-17.75,-149.55,28.82,75,1,6.33,PF,1717113059
204,dwarka,22.2394,68.9678,29.11,73,92,7.88,IN,1717113060
205,fale old settlement,-9.3852,-171.2468,28.9,76,24,4.62,TK,1717112852
206,achinsk,56.2694,90.4993,6.5,57,100,2.68,RU,1717113060
207,puerto san jose,13.9256,-90.8244,29.29,74,51,1.96,GT,1717113060
208,laixi,36.8592,120.5269,22.37,59,3,4.87,CN,1717113060
209,saipan,15.1355,145.701,31.39,66,40,7.72,MP,1717113060
210,prince rupert,54.3161,-130.3201,11.05,85,100,8.23,CA,1717113060
211,tevriz,57.509,72.4042,0.21,57,47,1.56,RU,1717113060
212,arsk,56.0915,49.8778,14.39,88,86,3.09,RU,1717113061
213,rada tilly,-45.9333,-67.5333,5.27,60,0,3.09,AR,1717113061
214,am timan,11.0297,20.2827,25.66,71,79,4.1,TD,1717113061
215,talnakh,69.4865,88.3972,-2.11,85,100,6.47,RU,1717112851
216,hadithah,34.1397,42.3781,29.4,28,0,8.57,IQ,1717113061
217,nar'yan-mar,67.6713,53.087,-2.16,87,97,5.81,RU,1717113061
218,longyearbyen,78.2186,15.6401,3.91,87,75,1.54,SJ,1717112853
219,hamlin,43.3031,-77.9211,18.47,48,2,0.45,US,1717113061
220,troitsko-pechorsk,62.7084,56.1964,-1.28,81,91,0.89,RU,1717113062
221,siracusa,37.0881,15.2792,20.44,57,22,1.37,IT,1717113022
222,sinabang,2.4803,96.3801,26.44,84,100,1.72,ID,1717113062
223,ivolginsk,51.7492,107.2837,9.81,81,99,0.0,RU,1717113062
224,geraldton,-28.7667,114.6,12.23,87,3,6.17,AU,1717112851
225,kodiak,57.79,-152.4072,6.73,93,100,8.23,US,1717112848
226,vadso,70.0744,29.7487,19.49,81,75,1.03,NO,1717113062
227,mahibadhoo,3.7833,72.9667,28.52,83,83,8.91,MV,1717113062
228,lima,-12.0432,-77.0282,17.72,81,100,2.57,PE,1717113063
229,suva,-18.1416,178.4415,20.71,100,75,1.03,FJ,1717113063
230,port macquarie,-31.4333,152.9167,19.56,68,100,5.1,AU,1717112991
231,tazacorte,28.629,-17.9293,20.54,89,100,4.63,ES,1717113063
232,chivacoa,10.1603,-68.895,24.15,96,100,0.38,VE,1717113063
233,sao vicente,-23.9631,-46.3919,18.32,26,54,1.3,BR,1717113063
234,olyokminsk,60.3736,120.4264,22.12,44,29,4.35,RU,1717113063
235,santiago del torno,-17.9833,-63.3833,21.42,84,5,1.77,BO,1717113063
236,farkhar,36.5729,69.8578,14.16,47,0,2.39,AF,1717113064
237,vorgashor,67.5833,63.95,-2.33,87,100,5.21,RU,1717113064
238,batticaloa,7.7102,81.6924,28.0,79,100,1.9,LK,1717113064
239,yuzhno-kurilsk,44.0306,145.8556,9.65,70,100,0.81,RU,1717113064
240,kingston,17.997,-76.7936,29.53,70,40,8.23,JM,1717113007
241,weno,7.4515,151.8468,29.97,84,100,4.63,FM,1717112857
242,barry,51.4067,-3.2694,13.04,86,6,2.06,GB,1717113065
243,korla,41.7597,86.1469,20.96,32,69,6.33,CN,1717113065
244,visakhapatnam,17.69,83.2093,29.42,88,62,3.61,IN,1717113065
245,kapuskasing,49.4169,-82.4331,23.05,17,75,3.6,CA,1717112762
246,kamloops,50.6665,-120.3192,16.55,44,75,4.63,CA,1717113065
247,kachug,53.9606,105.8817,15.58,87,80,0.89,RU,1717113065
248,new norfolk,-42.7826,147.0587,15.4,49,36,6.41,AU,1717112861
249,igarka,67.4667,86.5833,0.01,92,100,5.81,RU,1717113065
250,elassona,39.8947,22.1886,13.63,78,37,0.86,GR,1717113065
251,zhangjiakou,40.81,114.8794,15.1,45,0,6.69,CN,1717113066
252,polyarnyy,69.1989,33.4478,11.28,82,23,5.3,RU,1717113066
253,guangshui,31.6199,113.9978,21.81,73,84,2.01,CN,1717113066
254,tocopilla,-22.092,-70.1979,17.26,76,36,1.16,CL,1717113066
255,sanibel,26.449,-82.0223,26.67,82,4,3.58,US,1717112975
256,trincomalee,8.5711,81.2335,28.54,80,63,6.27,LK,1717113066
257,sumbawa besar,-8.5,117.4333,27.81,72,35,1.37,ID,1717113066
258,port mathurin,-19.6833,63.4167,24.6,79,21,11.54,MU,1717112860
259,aral,40.5156,81.2636,18.42,48,99,0.59,CN,1717113067
260,eyl,7.9803,49.8164,27.4,71,75,9.8,SO,1717113067
261,burhar,23.2167,81.5333,31.93,30,27,1.59,IN,1717113067
262,tegueste,28.5167,-16.3167,17.77,89,75,8.75,ES,1717113067
263,quincy,42.2529,-71.0023,16.14,84,75,2.57,US,1717112903
264,namibe,-15.1961,12.1522,18.09,86,3,4.31,AO,1717113067
265,revda,56.801,59.9303,2.77,65,4,0.87,RU,1717113067
266,westport,41.1415,-73.3579,20.52,62,20,2.57,US,1717112977
267,tripoli,32.8752,13.1875,20.56,68,5,3.16,LY,1717113068
268,tofol,5.3248,163.0078,30.88,70,75,3.6,FM,1717112852
269,aasiaat,68.7098,-52.8699,-2.45,73,19,2.02,GL,1717112853
270,gizo,-8.103,156.8419,28.22,81,100,6.39,SB,1717113068
271,hilo,19.7297,-155.09,26.85,84,75,4.63,US,1717113068
272,petawawa,45.9001,-77.3328,19.77,26,20,3.6,CA,1717113068
273,pogranichnyy,44.4064,131.3769,10.4,97,100,2.0,RU,1717113068
274,nuuk,64.1835,-51.7216,3.34,56,20,3.6,GL,1717112857
275,buritis,-15.6178,-46.4233,24.34,46,65,0.71,BR,1717113069
276,nemuro,43.3236,145.575,8.11,76,100,2.21,JP,1717113069
277,jamestown,42.097,-79.2353,15.77,41,0,4.12,US,1717112694
278,choyr,46.3611,108.3611,12.47,47,5,2.73,MN,1717113069
279,ulanhot,46.0833,122.0833,15.48,55,53,6.92,CN,1717113069
280,petropavlovka,50.6114,105.3196,12.68,70,7,0.59,RU,1717113069
281,oranjemund,-28.55,16.4333,12.72,89,19,3.61,NA,1717113070
282,viedma,-40.8135,-62.9967,9.23,59,99,3.19,AR,1717113013
283,al burayqah,30.4062,19.5739,22.05,77,18,3.4,LY,1717113070
284,terrace,54.5163,-128.6035,11.95,71,75,5.66,CA,1717112782
285,klofta,60.0667,11.15,14.15,97,0,1.54,NO,1717113070
286,mhamid,29.82,-5.72,28.97,16,11,1.44,MA,1717113070
287,jayapura,-2.5333,140.7,27.66,88,97,1.2,ID,1717113071
288,isangel,-19.55,169.2667,25.06,69,40,4.63,VU,1717113071
289,krasnyy chikoy,50.3643,108.7512,11.8,77,96,1.33,RU,1717113071
290,arkhangel'sk,64.5401,40.5433,8.96,100,55,1.0,RU,1717113071
291,praia da vitoria,38.7333,-27.0667,19.31,88,40,5.32,PT,1717113042
292,mili,6.0815,171.735,27.83,82,98,4.47,MH,1717113071
293,zeya,53.75,127.2667,19.16,38,10,1.14,RU,1717113071
294,arkalyk,50.2486,66.9114,8.78,78,89,4.99,KZ,1717113071
295,as sulayyil,20.4607,45.5779,33.14,12,99,1.98,SA,1717113072
296,ondjiva,-17.0667,15.7333,15.02,36,0,1.54,AO,1717113072
297,bozyazi,36.1082,32.9611,20.77,68,25,3.66,TR,1717113072
298,dalianwan,39.0286,121.695,20.02,73,20,4.0,CN,1717113072
299,omdurman,15.6445,32.4777,35.07,12,40,5.09,SD,1717113072
300,port alfred,-33.5906,26.891,13.99,83,53,1.34,ZA,1717112849
301,amahai,-3.3333,128.9167,29.55,84,83,0.97,ID,1717113072
302,alta,69.9689,23.2717,12.59,82,75,3.09,NO,1717113072
303,loshnitsa,54.2789,28.7639,12.76,97,35,2.69,BY,1717113073
304,cabedelo,-6.9811,-34.8339,25.37,85,5,4.42,BR,1717113073
305,pacific grove,36.6177,-121.9166,22.03,76,0,5.14,US,1717112854
306,uturoa,-16.7333,-151.4333,27.16,78,9,5.54,PF,1717112850
307,kiamba,5.9894,124.6242,30.15,61,67,2.13,PH,1717113073
308,kayenta,36.7278,-110.2546,27.38,10,7,5.74,US,1717113073
309,mil'kovo,55.6078,37.7956,19.27,92,55,2.23,RU,1717113073
310,rancho palos verdes,33.7445,-118.387,26.08,80,40,7.2,US,1717113073
311,labytnangi,66.6572,66.4183,-2.01,80,100,3.45,RU,1717113074
312,warrnambool,-38.3833,142.4833,12.45,72,31,11.08,AU,1717113074
313,goundam,16.4145,-3.6708,34.38,10,22,4.0,ML,1717113074
314,kismayo,-0.3582,42.5454,25.9,83,81,7.03,SO,1717112859
315,pisco,-13.7,-76.2167,17.03,82,100,1.54,PE,1717112848
316,tulun,54.5611,100.5792,10.59,69,33,2.38,RU,1717113074
317,kidal,18.4411,1.4078,33.78,8,0,4.82,ML,1717113074
318,kipushi,-11.7667,27.2333,13.26,70,11,0.94,CD,1717113074
319,cold lake,54.4502,-110.2017,11.97,66,100,6.17,CA,1717113075
320,aktau,43.65,51.2,19.32,26,66,7.15,KZ,1717113075
321,ambon,-3.6954,128.1814,30.49,15,40,1.03,ID,1717113075
322,kapatagan,7.9003,123.7692,28.69,75,42,0.76,PH,1717113075
323,qarazhal,48.0078,70.7903,12.78,94,26,4.14,KZ,1717113075
324,manicore,-5.8092,-61.3003,26.64,66,25,0.81,BR,1717113075
325,chala,-7.5833,31.2667,13.89,81,49,1.57,TZ,1717113076
326,venezuela,8.0,-66.0,26.66,84,96,5.52,VE,1717113076
327,seven pagodas,12.6264,80.1722,32.03,61,5,3.99,IN,1717113076
328,meads,38.4126,-82.7091,21.94,43,20,2.57,US,1717113076
329,kununurra,-15.7667,128.7333,21.99,78,100,4.63,AU,1717112857
330,dongola,19.1667,30.4833,31.6,15,0,6.48,SD,1717113076
331,port-cartier,50.0334,-66.8654,11.12,70,99,2.88,CA,1717113046
332,tianpeng,30.9866,103.9393,21.26,63,91,3.38,CN,1717113077
333,fukuecho,32.6881,128.8419,16.2,88,75,5.14,JP,1717113077
334,puerto cabezas,14.0351,-83.3888,24.98,94,75,0.0,NI,1717113077
335,rio grande,-32.035,-52.0986,11.08,85,36,1.37,BR,1717113077
336,itacare,-14.2775,-38.9967,24.55,77,0,3.82,BR,1717113077
337,aras-asan,8.8908,126.3033,28.22,81,72,1.93,PH,1717113078
338,castelli,-25.9468,-60.6195,12.95,82,0,2.17,AR,1717113078
339,ghat,24.9647,10.1728,30.34,15,43,1.9,LY,1717113078
340,kasane,-17.8167,25.15,12.05,71,0,1.56,BW,1717113078
341,kuqa,41.7278,82.9364,20.69,29,97,3.07,CN,1717113079
342,bamboo flat,11.7,92.7167,27.05,94,40,0.51,IN,1717113079
343,inhambane,-23.865,35.3833,20.21,91,2,2.97,MZ,1717113079
344,portland,45.5234,-122.6762,21.45,46,20,4.12,US,1717112929
345,akbou,36.4575,4.5349,23.21,38,9,1.05,DZ,1717113079
346,rockland,41.1668,-74.0496,20.9,63,62,2.19,US,1717113080
347,chemolgan,43.1897,76.5292,11.81,58,24,2.97,KZ,1717113080
348,san antonio de pale,-1.4014,5.6325,26.81,75,94,5.26,GQ,1717113080
349,kolleda,51.1833,11.2333,14.43,93,93,1.04,DE,1717113080
350,lompoc,34.6391,-120.4579,27.05,74,75,3.6,US,1717113080
351,mora,11.0461,14.1401,30.31,50,74,4.51,CM,1717113080
352,flying fish cove,-10.4217,105.6791,25.82,83,40,3.09,CX,1717113081
353,kayes,14.0,-11.0,35.06,15,54,2.02,ML,1717113081
354,altamira,-3.2033,-52.2064,23.9,97,100,1.19,BR,1717112837
355,lethem,3.3803,-59.7968,24.95,91,99,1.76,GY,1717113081
356,vicente guerrero,19.1194,-98.1708,17.66,66,53,7.57,MX,1717113040
357,reggane,26.7158,0.1714,34.12,9,0,3.79,DZ,1717113082
358,datong,40.0936,113.2914,15.4,41,9,5.09,CN,1717113082
359,oeiras,-7.0253,-42.1311,28.85,38,44,1.75,BR,1717112793
360,fort bragg,35.139,-79.006,26.75,44,0,3.09,US,1717112864
361,cartagena,10.3997,-75.5144,29.79,79,40,1.54,CO,1717113082
362,mahbubabad,17.6167,80.0167,32.98,58,96,3.88,IN,1717113082
363,basco,20.4487,121.9702,29.4,76,97,2.25,PH,1717113082
364,cidade velha,14.9167,-23.6167,23.26,73,75,6.17,CV,1717113082
365,sault ste. marie,46.5168,-84.3333,20.31,28,0,3.6,CA,1717113055
366,tralee,52.2704,-9.7026,8.46,89,65,2.59,IE,1717113083
367,jieshi,22.8134,115.8257,25.29,91,95,5.48,CN,1717113083
368,sanshui,23.1549,112.8916,26.99,90,97,2.97,CN,1717113083
369,vernon,50.2581,-119.2691,16.63,42,97,1.71,CA,1717113083
370,gereshk,31.8209,64.5701,26.79,15,0,7.08,AF,1717113083
371,cody,44.5263,-109.0565,13.68,35,20,7.72,US,1717113083
372,khajuraho group of monuments,24.85,79.9333,36.26,26,82,1.72,IN,1717113084
373,shache,38.4167,77.2406,19.58,39,73,0.84,CN,1717113084
374,korgan,40.8247,37.3467,11.82,92,26,1.61,TR,1717113084
375,villa gesell,-37.2639,-56.973,8.92,76,87,1.96,AR,1717112997
376,encantado,-29.2361,-51.8697,13.67,100,3,0.24,BR,1717113084
377,vila velha,-20.3297,-40.2925,21.97,68,75,2.57,BR,1717113084
378,nova vicosa,-17.8919,-39.3719,23.62,83,100,7.32,BR,1717112862
379,madimba,-10.4,40.3333,22.08,91,20,4.14,TZ,1717113084
380,crane,31.3974,-102.3501,31.45,41,9,11.98,US,1717113085
381,ouahigouya,13.5828,-2.4216,35.43,29,50,7.02,BF,1717113085
382,leua,48.2156,18.6071,14.33,82,55,1.68,SK,1717113085
383,fortuna,40.5982,-124.1573,20.19,69,0,8.23,US,1717113085
384,homer,59.6425,-151.5483,12.94,53,75,4.12,US,1717113085
385,santiago del estero,-27.7951,-64.2615,14.13,42,22,2.74,AR,1717112873
386,ola,59.5833,151.2833,9.57,49,3,2.07,RU,1717113085
387,shangqiu,34.45,115.65,26.42,44,69,4.71,CN,1717113086
388,sergeyevka,53.88,67.4158,4.26,84,3,2.15,KZ,1717113086
389,san patricio,28.017,-97.5169,31.92,64,33,8.65,US,1717113086
390,benghazi,32.1167,20.0667,22.66,59,15,3.29,LY,1717113086
391,kristiansund,63.1115,7.732,14.03,82,100,4.12,NO,1717113086
392,derzhavinsk,51.1,66.3167,8.44,76,46,2.97,KZ,1717113086
393,mossel bay,-34.1831,22.146,11.96,84,49,3.89,ZA,1717112798
394,pahrump,36.2083,-115.9839,36.08,9,4,3.13,US,1717113086
395,ouadda,8.0777,22.4007,20.14,94,100,1.23,CF,1717113087
396,borkum,53.5809,6.6915,13.97,84,37,3.1,DE,1717113087
397,akureyri,65.6835,-18.0878,9.96,50,0,11.83,IS,1717113087
398,viveiro,43.6623,-7.5934,15.6,80,98,7.84,ES,1717113087
399,santana do livramento,-30.8908,-55.5328,10.43,92,8,1.57,BR,1717113087
400,cold springs,39.6802,-119.9766,26.65,16,0,2.06,US,1717113087
401,istgah-e rah ahan-e garmsar,35.2346,52.3094,28.21,21,36,3.15,IR,1717113087
402,nizhnesortymskiy,62.4397,71.7603,-0.33,74,78,4.5,RU,1717112857
403,gremda,34.75,10.7833,22.11,83,0,1.03,TN,1717113088
404,martapura,-3.4167,114.85,27.05,94,20,1.03,ID,1717113088
405,mweka,-4.85,21.5667,22.49,62,99,0.33,CD,1717113088
406,bang saphan,11.2126,99.5117,28.04,80,84,2.15,TH,1717113088
407,zhezqazghan,47.7833,67.7667,14.79,81,20,3.92,KZ,1717113088
408,cranbrook,49.4999,-115.7688,15.91,25,75,4.12,CA,1717113088
409,anak,38.5108,125.4942,20.54,54,2,3.06,KP,1717113089
410,ascension,30.2169,-90.9001,29.0,76,40,3.6,US,1717113089
411,champerico,14.3,-91.9167,32.3,72,100,2.81,GT,1717113089
412,ellsworth,44.5434,-68.4195,15.87,73,0,2.06,US,1717112790
413,nogliki,51.8333,143.1667,14.08,36,0,1.34,RU,1717113089
414,horasan,40.0458,42.1728,9.66,90,13,1.64,TR,1717113089
415,tezpur,26.6333,92.8,23.49,94,75,3.27,IN,1717113089
416,sos'va,59.1766,61.8558,2.81,66,11,1.79,RU,1717113090
417,perevolotskiy,51.8763,54.1938,15.55,72,77,1.3,RU,1717113090
418,christchurch,-43.5333,172.6333,14.39,69,94,4.63,NZ,1717113090
419,luwuk,-0.9516,122.7875,27.08,73,32,0.74,ID,1717113090
420,dubna,56.7333,37.1667,17.35,83,68,1.52,RU,1717113090
421,veraval,20.9,70.3667,30.16,68,74,6.91,IN,1717113090
422,kamyshevatskaya,46.4132,37.9563,17.07,84,78,1.57,RU,1717113091
423,haiku-pauwela,20.9219,-156.3051,28.45,73,20,11.83,US,1717112861
424,quellon,-43.1167,-73.6167,8.35,83,100,0.74,CL,1717113091
425,moose jaw,50.4001,-105.5344,14.14,58,100,9.77,CA,1717113091
426,ghormach,35.7306,63.7826,19.8,19,0,2.3,AF,1717113091
427,sarina,-21.4333,149.2167,25.06,64,44,3.14,AU,1717113091
428,dubove,48.1721,23.8895,13.41,99,99,1.14,UA,1717113091
429,hampton bays,40.869,-72.5176,19.08,62,100,3.58,US,1717112940
430,orden,46.3937,9.6963,6.91,99,100,3.61,CH,1717113091
431,callao,-12.0667,-77.15,18.73,82,100,2.57,PE,1717113092
432,nagqu,31.5,92.0,7.75,64,59,3.38,CN,1717112852
433,kerikeri,-35.2268,173.9474,21.06,68,2,2.68,NZ,1717112857
434,illizi,26.4833,8.4667,29.89,12,0,3.03,DZ,1717113092
435,ilhabela,-23.7781,-45.3581,18.58,81,65,1.93,BR,1717112814
436,upata,8.0086,-62.3989,24.3,90,62,2.86,VE,1717112995
437,kotlas,61.2611,46.6556,9.47,71,66,0.89,RU,1717113005
438,takoradi,4.8845,-1.7554,27.12,84,96,5.1,GH,1717113092
439,rawson,-43.3002,-65.1023,9.18,54,60,4.25,AR,1717113042
440,ryotsu-minato,38.0833,138.4333,17.16,70,100,2.16,JP,1717113093
441,cabo san lucas,22.8909,-109.9124,35.61,41,14,6.5,MX,1717112829
442,tsaratanana,-16.7833,47.65,20.89,75,56,4.95,MG,1717113093
443,el granada,37.5027,-122.4694,31.79,72,0,7.2,US,1717112858
444,kovdor,67.5662,30.4758,10.83,87,9,2.2,RU,1717113093
445,mogadishu,2.0371,45.3438,26.19,85,50,7.42,SO,1717113005
446,horta,38.5333,-28.6333,18.34,79,34,6.26,PT,1717113094
447,aqadyr,48.2553,72.8483,11.48,88,92,4.67,KZ,1717113094
448,kiunga,-6.1219,141.2906,25.05,97,98,1.37,PG,1717113094
449,san antonio,29.4241,-98.4936,35.19,54,75,7.2,US,1717112976
450,bol'shoye boldino,55.0059,45.3142,14.0,83,70,1.78,RU,1717113094
451,presidente dutra,-5.29,-44.49,25.32,80,15,1.53,BR,1717113094
452,jwaneng,-24.6004,24.7303,12.86,37,0,3.65,BW,1717113094
453,rockport,28.0206,-97.0544,31.03,80,75,8.23,US,1717113095
454,san pedro pochutla,15.7333,-96.4667,32.84,62,60,3.36,MX,1717113095
455,kill devil hills,36.0307,-75.676,20.55,63,0,4.12,US,1717113095
456,motygino,58.1831,94.7592,5.17,62,85,1.68,RU,1717113095
457,bandarbeyla,9.4942,50.8122,26.39,82,80,10.83,SO,1717113095
458,bocaiuva,-17.1078,-43.815,24.84,56,70,3.47,BR,1717113013
459,port saint john's,-31.6229,29.5448,19.32,75,32,7.02,ZA,1717113095
460,mbulu,-3.85,35.5333,12.48,93,66,2.1,TZ,1717113095
461,ketchikan,55.3422,-131.6461,11.3,87,100,5.14,US,1717113096
462,hami,42.8,93.45,22.34,20,73,4.03,CN,1717113096
463,cooper's town,26.8667,-77.5167,27.44,60,24,5.64,BS,1717113096
464,jackson,42.4165,-122.8345,26.33,29,0,5.36,US,1717112884
465,forster,-32.1667,152.5167,19.35,65,100,4.48,AU,1717113096
466,bongor,10.2806,15.3722,30.41,49,99,2.52,TD,1717113096
467,labrador city,52.9463,-66.9114,1.95,88,100,3.09,CA,1717113096
468,luancheng,37.8792,114.6517,24.09,24,19,3.25,CN,1717113096
469,malabar,-33.9667,151.25,20.84,63,0,7.72,AU,1717113097
470,kafue,-15.7691,28.1814,13.83,62,0,2.03,ZM,1717113097
471,borodulikha,50.7184,80.9295,7.4,95,98,7.64,KZ,1717113097
472,trabzon,40.9167,39.8333,16.05,88,75,2.57,TR,1717113097
473,quesnel,52.9999,-122.5029,15.28,31,100,1.54,CA,1717113097
474,astrakhan,46.3497,48.0408,16.93,72,0,2.0,RU,1717113097
475,opuwo,-18.0607,13.84,13.55,59,0,1.23,NA,1717113097
476,zagora,30.3484,-5.8365,29.44,13,4,3.37,MA,1717113097
477,lagonoy,13.7342,123.5207,30.38,70,89,2.57,PH,1717113098
478,hobyo,5.3505,48.5268,26.12,81,100,10.51,SO,1717113098
479,kindu,-2.95,25.95,21.4,95,97,0.97,CD,1717113098
480,salinas,36.6777,-121.6555,27.62,68,0,6.69,US,1717113098
481,puerto leguizamo,-0.1934,-74.7819,23.19,86,89,0.86,CO,1717113098
482,menongue,-14.6585,17.691,10.69,47,0,1.96,AO,1717113098
483,huarmey,-10.0681,-78.1522,18.83,84,2,3.66,PE,1717113098
484,santa ana,33.7456,-117.8678,31.03,65,20,5.66,US,1717112882
485,timbuktu,16.7735,-3.0074,33.84,11,24,4.8,ML,1717113099
486,razole,16.4833,81.8333,29.17,90,30,1.89,IN,1717113099
487,argo,37.6333,22.7333,17.7,61,3,1.98,GR,1717113007
488,kota,25.1833,75.8333,31.87,46,3,7.81,IN,1717113099
489,toliara,-23.35,43.6667,19.63,76,0,2.52,MG,1717113099
490,tottori,35.5,134.2333,19.04,82,100,2.06,JP,1717113099
491,ar rudayyif,34.3827,8.1555,23.87,30,3,2.56,TN,1717113099
492,alamosa,37.4695,-105.87,22.99,13,0,4.63,US,1717113100
493,dickinson,29.4608,-95.0513,30.62,81,40,5.14,US,1717113100
494,bay city,43.5945,-83.8889,21.12,29,0,2.57,US,1717112981
495,berbera,10.4396,45.0143,32.54,47,100,4.36,SO,1717112988
496,fort mcmurray,56.7268,-111.381,13.77,87,75,6.69,CA,1717113100
497,tonghae,37.5439,129.1069,22.16,49,90,1.27,KR,1717113100
498,hope,33.6671,-93.5916,22.03,91,94,2.96,US,1717113100
499,kruisfontein,-34.0033,24.7314,14.94,79,77,6.37,ZA,1717113101
500,itoman,26.1247,127.6694,28.94,94,75,4.12,JP,1717113101
501,ezhou,30.4,114.8333,19.96,89,100,0.63,CN,1717113101
502,kholmsk,47.0511,142.0569,10.68,66,100,2.07,RU,1717113101
503,enoch,37.7733,-113.0244,26.93,21,0,4.12,US,1717113101
504,tobelo,1.7284,128.0095,28.35,82,99,2.57,ID,1717112849
505,nadi,-17.8,177.4167,21.0,88,75,4.63,FJ,1717113101
506,ust-tsilma,65.441,52.1498,-0.77,98,87,0.89,RU,1717113101
507,koz'modem'yansk,56.3367,46.5711,13.5,97,64,2.21,RU,1717113102
508,waingapu,-9.6567,120.2641,27.44,71,9,1.99,ID,1717113102
509,laojunmiao,39.8333,97.7333,15.29,18,24,2.1,CN,1717113102
510,blackwater,-23.5833,148.8833,22.88,58,44,4.91,AU,1717113102
511,umbauba,-11.3833,-37.6578,21.22,98,65,1.22,BR,1717113102
512,amqui,48.4638,-67.4313,6.5,72,67,2.09,CA,1717113102
513,metlili chaamba,32.2667,3.6333,27.52,23,0,1.54,DZ,1717113102
514,guarapari,-20.6667,-40.4975,22.11,68,74,5.2,BR,1717112824
515,nikolayevsk-on-amure,53.1406,140.73,16.79,38,85,1.34,RU,1717113103
516,necochea,-38.5473,-58.7368,9.73,85,97,1.02,AR,1717113084
517,meadow lakes,61.6247,-149.6011,15.85,38,0,1.54,US,1717113103
518,east london,-33.0153,27.9116,17.39,65,77,7.97,ZA,1717112563
519,taltal,-25.4,-70.4833,15.66,71,84,0.6,CL,1717113103
520,terra rica,-22.7094,-52.6169,14.56,63,0,2.35,BR,1717113103
521,ta`u,-14.2336,-169.5144,28.15,80,43,8.5,AS,1717112856
522,kaa-khem,51.6833,94.7333,13.0,36,12,1.59,RU,1717113103
523,chui,-33.6971,-53.4616,13.04,83,99,0.22,UY,1717113104
524,erenhot,43.6475,111.9767,12.15,50,12,0.58,CN,1717113104
525,loukhi,66.0764,33.0381,9.02,90,7,1.94,RU,1717113104
526,targuist,34.9377,-4.3186,22.34,40,92,3.39,MA,1717113104
527,grootfontein,-19.5667,18.1167,13.76,33,0,2.06,NA,1717113104
528,lashio,22.9333,97.75,22.19,92,55,0.21,MM,1717113104
529,kimbe,-5.5502,150.1429,30.22,66,87,0.93,PG,1717112851
530,babol,36.5513,52.679,20.04,78,39,1.08,IR,1717113105
531,bodaybo,57.8506,114.1933,17.23,80,95,0.95,RU,1717113105
532,dapa,9.7594,126.0531,28.74,80,85,5.72,PH,1717113105
533,cockburn town,21.4612,-71.1419,27.48,88,99,8.31,TC,1717113105
534,esquel,-42.9,-71.3167,3.37,82,100,1.22,AR,1717112865
535,rikaze,29.25,88.8833,12.2,42,1,1.97,CN,1717113105
536,jaicos,-7.3592,-41.1378,28.01,41,55,1.6,BR,1717113105
537,baiti,13.745,-14.7482,30.19,30,24,5.61,SN,1717113106
538,kayangel,8.0823,134.7173,28.79,78,100,6.83,PW,1717113106
539,bila tserkva,49.8094,30.1121,12.85,94,37,2.93,UA,1717113106
540,tchintabaraden,15.8969,5.7985,31.55,42,90,5.02,NE,1717113106
541,dzilam gonzalez,21.2833,-88.9333,30.03,62,0,4.83,MX,1717113106
542,ingleside,27.8778,-97.2117,31.13,80,40,7.72,US,1717112923
543,al kharijah,25.4514,30.5464,25.89,24,0,4.22,EG,1717113106
544,songea,-10.6833,35.65,13.18,78,56,0.69,TZ,1717113107
545,hithadhoo,-0.6,73.0833,28.95,78,85,8.91,MV,1717112859
546,rongelap,11.1635,166.8941,27.88,79,97,5.01,MH,1717113107
547,mwingi,-0.9344,38.0601,16.84,84,74,2.22,KE,1717113107
548,burlington,39.8835,-74.6413,22.05,40,40,3.6,US,1717113107
549,adrar,20.5022,-10.0711,28.95,19,45,3.67,MR,1717113107
550,kavieng,-2.5744,150.7967,29.05,73,99,2.58,PG,1717113107
551,loreto,22.2667,-101.9667,25.62,25,37,6.46,MX,1717113107
552,poxoreo,-15.8372,-54.3892,20.88,50,0,0.2,BR,1717113108
553,alofi,-19.0595,-169.9187,24.94,65,75,7.72,NU,1717113108
554,kourou,5.1552,-52.6478,26.03,92,100,2.19,GF,1717113108
555,sorong,-0.8833,131.25,25.12,93,99,3.82,ID,1717113108
556,banda aceh,5.5577,95.3222,27.18,76,100,5.71,ID,1717113108
557,hardoi,27.4167,80.1167,33.98,28,25,2.92,IN,1717113108
558,shortandy,51.7006,70.9994,4.05,82,77,2.8,KZ,1717113108
559,phalaborwa,-23.943,31.1411,20.6,47,0,2.21,ZA,1717113108
560,myjava,48.7588,17.5687,15.77,84,86,1.2,SK,1717113109
561,araripina,-7.5761,-40.4983,24.84,48,41,3.04,BR,1717113109
562,trairi,-3.2778,-39.2689,23.95,95,75,2.69,BR,1717113018
563,kone,-21.0595,164.8658,24.8,48,38,6.1,NC,1717113109
564,greenville,35.6127,-77.3663,25.09,50,0,2.06,US,1717112891
565,anqing,30.5092,117.0506,18.51,93,100,1.93,CN,1717113109
566,lida,53.8833,25.2997,12.59,97,71,2.58,BY,1717113109
567,mugia,43.1041,-9.2179,14.39,83,58,13.14,ES,1717113110
568,hutchinson,38.0608,-97.9298,24.46,68,100,4.63,US,1717112850
